overlap_days,monthly_mae,weekly_mae,alpha_mean,alpha_std,alpha_cv,converged,iterations
30,2.924649960054073,0.35554317695057286,0.16752377017983144,0.13442306632808762,0.8024118976297437,True,6
60,2.922234688496048,0.35806358682488004,0.16749913587074505,0.13574335198741275,0.8104122524677533,True,6
90,2.9217689009347705,0.35854882402701527,0.1674945406705235,0.13599946672851992,0.8119635791356499,True,6
133,2.9215650319430817,0.3587609130466074,0.16749254454400367,0.1361117173771958,0.8126434388334014,True,6
