Method,Train MAE,Test MAE,Generalization Gap,Gap %,Status
baseline,0.7597945170279118,0.4354451458208463,-0.3243493712070655,-42.68909079205032,✓ Good
hierarchical,0.3825128916144258,0.23145442728488802,-0.1510584643295378,-39.49107798484481,✓ Good
hierarchical_dow,0.40079535675005784,0.308045843101201,-0.09274951364885686,-23.14136431143759,✓ Good
smooth_alpha,0.2581392736558682,0.20398089185904553,-0.05415838179682267,-20.98029526069812,✓ Good
state_space,0.8038233218489229,1.181529368041697,0.37770604619277404,46.9886896692658,✗ Poor
