Method,Train MAE,Test MAE,Generalization Gap,Gap %,Status
baseline,1.4150978787340638,0.9502489809491022,-0.46484889778496163,-32.84923995510558,✓ Good
hierarchical,0.8789719323571948,0.8909457946192808,0.011973862262085966,1.3622576354599742,✓ Good
hierarchical_dow,0.9119407998971977,0.9166255582139229,0.004684758316725213,0.5137129863312752,✓ Good
smooth_alpha,0.8790245504400626,0.9166486741844388,0.03762412374437629,4.280213075452862,⚠ Acceptable
state_space,1.418700287064681,1.595498557068157,0.17679827000347603,12.461988738246834,✗ Poor
