Method,Train MAE,Test MAE,Generalization Gap,Gap %,Status
baseline,0.7396770035645777,1.0326088009635639,0.2929317973989862,39.60266386372951,✗ Poor
hierarchical,0.3473630044042022,0.46159431893877184,0.11423131453456964,32.88528515882094,✗ Poor
hierarchical_dow,0.37702899487756014,0.4807577612663886,0.10372876638882844,27.512145696517123,✗ Poor
smooth_alpha,0.3462686905227812,0.46096962760428134,0.11470093708150014,33.12483635419931,✗ Poor
