monthly_weight,weekly_weight,monthly_mae,weekly_mae,alpha_mean,alpha_std,alpha_cv,converged,residual_norm
1.0,0.3,2.6191657876950316,0.31045186721250995,0.1629488793338086,0.11872411594235696,0.728597314861828,True,16.659303620766526
1.0,0.5,2.64909311429209,0.30621861096877845,0.1604615647449328,0.11871309501708863,0.7398226186176927,True,17.159904955977133
1.0,0.7,2.6991653878926027,0.3006518534374705,0.15708123384863384,0.11866215680272822,0.755419052266123,True,17.83281360025455
